<?xml version="1.0" encoding="ISO-8859-1" ?>
<record xmlns="snet-home.org" type="data" mode="textual" interface="C4SNet">
  <field label="A" >(int)5</field>
</record>
<record xmlns="snet-home.org" type="data" mode="textual" interface="C4SNet">
  <field label="A" >(int)5</field>
</record>
<record xmlns="snet-home.org" type="data" mode="textual" interface="C4SNet">
  <field label="A" >(int)5</field>
</record>
<record xmlns="snet-home.org" type="data" mode="textual" interface="C4SNet">
  <field label="A" >(int)5</field>
</record>
<record xmlns="snet-home.org" type="data" mode="textual" interface="C4SNet">
  <field label="A" >(int)5</field>
</record>
<record xmlns="snet-home.org" type="terminate"/>



